Index,AB_name,PDBID,Class,Paratope,Epitope
1,m396, 2DD8,0,SYTWGGITILIANYQRDTVMGGSKWDSSDY,FSTFRGDEVRNNGQPTYGVGYQY
2,80R, 2GHW,0,SYAVISYDRDRSYDRVRSNDSTRSGSGSDFTTSRSW,RDVGGYNLYLFKGFNCYFLQSYGQPTYGVYQ
3,F26G19, 3BGF,0,YVSYTTYRYPGNDTTTEGIPQL,AFSTGDRWNNNPTYGVGYQY
4,1AF10, 4F2M,0,NWRENRYDPYYAMDIQHYQQTDSWPT,FIVKNKCVFTGVLTDIATDLDITPCSFGGSYQGVNRAGCIG
5,6D3, 4RGN,1,WHEDDYINYEYGLLAQNNFYTY,NVFAEHVNNSS
6,m336, 4XAK,0,TSSYAIIFTKSSVGYCTSCNRRNSY,LFRIYQAGSTPCNGVKGFNCYFPQ
7,D12, 4ZPT,0,SYATSSGGTYYRDGNSMDQDNYYYRHSANTL,RASYAWNKKGGNYNRITINGVKGCFGY
8,MERS-27, 4ZS6,0,NFYDKLPYYSYTNFWG,RYGGNYNITIGVKGCYFL
9,4C2, 4ZS6,0,SYTTSSGGSYYDGNDDDSYLYYRLHSGNTLR,RASYANKGGNYNRISTINGCKGCFLGY
10,MCA-1, 5GMQ,0,TFSSYARIILKKQGDYYDRSYSYGSSPI,YLFTIYQAGSTPCNGVKGFNCYF
11,G4, 5W9O,0,TDYAVFSYYNTNKSYVDYVYGKEVR,NKNFTAIVSNGTHWFIVN
12,MERS-4V2, 5YY5,0,SNYAYLYYTNYYYWDQRPDAAWA,RRKFERDISEE
13,MERS-4, 5YY5,0,NAYLYYNNNYVYYWQRPSDAAWDA,RRKFERDISEE
14,JC57-14, 6C6Y,0,SYRSKTYSGDYDNYYYSLETGYNNY,FASYAWNKYNRITGKGFL
15,CDC-C2, 6C6Z,0,GTSIYAIPIFKSTSEGHQGYCSGGCHSNQ,YLFTIYQAGSTPCNGVKGFNCYFQ
16,7D10, 6J11,0,TSYNAIYNDTSYNYYASYYRDL,SEQYSERSANN
17,LCA60, 6NB3,0,SSDYLAGSSTWRKRDVWSSY,DKRSNLKPE
18,S230, 6NB6,0,RNKYFSWP,WKRINVYADDYNYKPFTKSNLKPFERVLSFEL
19,G2, 6PXH,0,SYWYGTGTESSFQFSEEVL,KITPGTSNQANFTRALIGAEHVNYECDIPIGAGICASYQTSQSIIAYTM
20,CR3022, 6W41,0,YGFITYWYGDESGISTDYSSINYYWE,YNAFSTFKCYGVSPTKDLRDDFTFEL
21,VHH-72, 6WAQ,1,SWSGSTYGTVVSEWYD,LYNSASFSTFKCPTGDVRWNVGY
22,VHH-55, 6WAR,0,NADLGITSGGSNYDEGWGPP,LFRTIYQAGSTPCNGVKGFNCYFPLQ
23,S309, 6WPS,1,PTSYYGAWFGESLISSTSSHD,TNLCPGEVNATRKRISNCNLDR
24,CC12.1, 6XC2,1,IQGISSYSGQLNSYKVGLTSSNYYSGGSTFRDLDVYDV,RDRQTGNDYYLFRKSNYQAGSTFNYFLQSYGFQTYGVGY
25,CC12.3, 6XC4,1,QVGFTSSNYYSGGSTFRFGDFDYQSVSYGSS,RDRTGNDYYLFRKSNYQAGSTFNYGTYGY
26,C105, 6XCM,1,GFTSSNYYSGSTYREWELYGGYKYYGN,RDERQTGNDYYLFRKSNYQAGSFNYQTYGGY
27,REGN10987,6XDG (10987),1,NYAYVISYDSNYDYGDYLSW,RNYYLFYAGKGFNCYFLQY
28,REGN10933,6XDG (10933),1,TSDYYYTYSSTYNARGTTM,RNNLSKVGGNYNQPT
29,CV30, 6XE1,1,VGVISSNYYSGGSYRDLDVSDVISVSYQGS,RDQTGNDYYLFRKSNYQAGSTFNYFQTYGY
30,Fab2-4, 6XEY,1,GTFTGYWNNSGNTSSWAVVYYYYN,RGYYLVKGFNCYFLQSGY
31,CV07-270,6XKP 20(Failed),1,TSDYRGSSGWYIRWWGGYYW,RFASYAKVGGNYNYLTKFLQSQ
32,CV07-250, 6XKQ,1,NSDNYGFPYNGMDSSGAYHFVYKKSGN,RGYYLFAGSTKGFNCYQSYGQYY
33,H11-D4, 6YZ5,1,RFSRSGGSAENVRSLLDDY,RKGGNYNYLYLFTGVKGCYFPLQSYG
34,H11-H4, 6ZBP,1,RFSRSGGSAHYVSYLLSWD,RKGNYNLLFTINGVKGCYFPLQS
35,EY6A, 6ZCZ,1,SRSSHYVSYLLW,KGNYNLLFTGVKYFPLQS
36,Ty1, 6ZXN,1,QVQGFTSSVYQSPNIGLNLSSVRGQ,FASVYAWKVGGNYNYLYTINGVKGFNCYFPLQSYGFQY
37,Sb23, 7A25,1,ENHYEREWYWTLQVGWE,TRSYLDSKVGGNYNYLYRISTEIKFPLQSYGFQPTYG
38,47D11, 7AKD,1,SHYYRVLLWFGIELYRAP,VRFPNITNLCPFGEFNVDYVLSSLPKKSTQ
39,HbnC3t1p1_C6, 7B0B,1,SYYWSSAWVGSNPTICYDGF,LFQAGSTPCGFNCYFQ
40,NM1230, 7B27,1,QQNYQGKALLHERHPRERKDWG,RYARNKNYNYLYLFITVKGFYFLQS
41,STE90-C11, 7B3O,1,IQGISSYYSGTQLNSTFVGLTSSNYYSGGSYRRDVADDI,RDERQTGNDYYLFRKSNYQAGSTFNYQSYGFQTYGVGY
42,COVOX-316, 7BEH,0,TFTGYWNNSGTNTSSFSMVRYYYNW,GYLYLFTVKGFNCYFLQSG
43,COVOX-150, 7BEI,0,VGVTSSNYYSGGTYRLMVYDVIQGISSYSGQLDSY,RDERQTGNDYYYLFRKSNYQAGSTFNYFPLQSYGFQTYGVGY
44,COVOX-158, 7BEJ,0,VGVTSSNYYPGGSFRLGSDVIQGISSYSQLNSY,RDERQTGNDYYLFRKSNYQAGSTFNYSYGQTYGVGY
45,COVOX-45, 7BEL,0,QVGFTYSYDSNYKSYAYYYYDSNYLYDNLETDN,AAWNRKRISNNYPDKPFERDIELLHAPT
46,COVOX-88, 7BEL(2),0,SYNYNCSGGTKYYIYDDLLDFSGSKSG,RDERQTNYYLFKGFNCYFQTYGY
47,COVOX-269, 7BEM,0,VGLTNRNYYSGGSFRRDFYEDIIQGISSYYSGQLNSY,RDERQTGNIDYYLFRKSNYQAGSTGFNYQSYGTYGVGY
48,COVOX-253, 7BEN,0,TTSAWVGSNPCSTSCYDAFSSYYGY,NYYLFRKYQAGSTPKGFNCYQ
49,COVOX-75, 7BEN(2),0,YVVAARNHYYNSSWAAKSFF,TRRNLDSKVGGNYNLKFLQSYGQTY
50,COVOX-253H55L, 7BEO,0,TTSAWVGSNPSTSCYDAFSYYW,NYYLFRKYAGSTPVKGFNCYQ
51,COVOX-384, 7BEP,0,PTSYYGAWFGESLISTSH,TNLCPGEFNATRFANKRISNCNLR
52,ION-300, 7BNV,0,GYSTSYWYGDDRKSPYYYGSGSYSSDNWP,YWNRKRYKPDRSLKPFERDISELH
53,P2B-2F6, 7BWJ,1,GYNYGYSSSGYHGVVVPR,YKVGGNYNLIGVKGFLQS
54,BD23, 7BYR,1,TSYTNTGSLDTSQGGSSWRYYDY,RYLYFKGFCYFLQSYGFQTYY
55,B38, 7BZ5,1,DVSGFISSNYYSGGSTYNNREAYDVIQGISSYYASGQLNSYY,RDERQTGNIDYYLFRKSNYQAGSTKFNCYFPLQSYGFQTYGVGY
56,CB6, 7C01,1,VGFTSSNYYSGGSFRLPMYGDDYSSYYSTP,RDERQTGNDYYLFRKSNYQAGSTFNYFQSYGGY
57,4A8, 7C2L,1,EGYLTELSFPEDGETAVAGTPFYYDYF,VYYHKNNKSWME
58,SR4, 7C8V,0,GFPSWNWYEREWVESHSTRAYWVGTY,RVGGYNLYLFKGCYFPLQSYGFQPTYGY
59,MR17, 7C8W,0,GFPVWREWYGVAAESYHTRYAKKDDGQL,RNGYLYLFIGVKGFCYFLQSYGY
60,H014, 7CAI,1,SSSNFWYYYIDFNGGTSDLKAYDPYY,SVLYNSASFSTFKCYSPTVAWNQY
61,MR17_K99Y, 7CAN,0,GFPVWREWYGVAAESYHTRYAKYDDGQL,RNGYLYLFIGVKGFCYFLQSYGY
62,P2C-1A3, 7CDJ,0,YYSSSGSTRDNAFSHQQLQSYLNSY,GYLLFTVKGFNYFLQSQTY
63,BD-604, 7CH4,1,VGIISNYYSGGSFRLGPYDVIQGISSSGQND,RDRQTGNDYYLFRKSNYQAGSTFNYFLQGQTYGVGY
64,BD-629, 7CH5,1,VEFISRNYYSGGSYRLEADVIQGISSYSGQNSY,RDQTGNDYYLFRKSNYQAGSTFNYFQYY
65,BD-236, 7CHB,1,VGITSSNYYSGGSTRLEADVIQGISSYSGQNSY,RDQTGNDYYYLFRKSNYQAGSTFNYQSYGTYGVGY
66,BD-368-2, 7CHC,1,VSEFISRNYYSGGSYRYGDYDYGVSFGS,RDQTGNDYYLFRKSNYQAGSTFNYFQYY
67,P5A-1D2, 7CHO,1,VGFISSNYYSGGSYRLQVGATDDYGAGYS,RDERQTGNDYYLFRKSNYQAGSTFNYQGY
68,P5A-3C8, 7CHP,1,VGFTSNYYSGGSYRLQEHDVIQGISSYSGHLNSYP,RDERQTGNDYYLFRKSNYQAGSTFNYQSYGFQTYGVGY
69,P22A-1D1, 7CHS,1,VGFTSSNYYSGGSYRRDYYDVIQGISSYSGTHLNSY,RDERQTGNDYYLFRKSNYQAGSTFNYFPLQYGQTYGVGY
70,P4A1, 7CJF,1,EVSGFISSNYYSGGSFRRLQELDYIQGISSWASGTENSF,RDERQTGNDYYLFRKSNYQAGSTFNYFQSYGFQTYGVY
71,Regdanvimab, 7CM4,1,SSGDWDDNYKPGLRYRRYYYYYDK,SYRNGYNYLYLFTVKGFYFLQSGYY
72,7CR5, 7CR5,0,IHWVISYNEAETGDYSSSQVSSGHSNYASTWGTGIQ,AYTNSFTRLPFFSNVTWTGNFNLVRGLPQGFYALD
73,P17, 7CWM,1,FSSYAHVISDGNYRHTLMNSYSSYTR,YNLLFTICNGVKGFNCYFPLQS
74,FC05, 7CWS,1,EGYTLPEVAMFDPDGETTPFWDPLYP,YYHKNNKEW
75,HB27, 7CYP,1,NYGSFSKVRTNGESSGGSYYFRYGGGG,SNNNKVGGNYSGQPTYGVGYQY
76,FD20, 7CYV,0,INGMDDYYYYLPKQYKDY,WNRKRYPDDRNLKPFERH
77,P2B-1A1, 7CZP,1,RDWPDSTSSGGYNYDVSKRNFSGTYSNNF,RDERQGNYYYLFYAGSTGFNYQSYY
78,P2B-1A10, 7CZQ,1,GFTVSSNYYSGGSYREGPSITGTQDISYQYDNL,RDERQTGNDYYYLFRKSNYQAGSTPGFNCYFQSYGTYGGY
79,P5A-1B8, 7CZR,1,EVFTSSNYYPGGSFRTLYQQGISSYGQNS,RTGNDYYLFRKSNYQAGSTFNYYGY
80,P5A-2G9, 7CZT,1,SYWYDFHTGYQPDISYNYYSDSDKQWPSNL,RERQQTGNYGYFRYAGSFNYQSYY
81,P5A-1B6, 7CZU,1,YQAITQGVIGPDNYYSNGSDL,RDRQTGNYYYLFFNYFQSGYY
82,P5A-2G7, 7CZW,1,SGSYYYYSGRYYGRAPWYP,NYLYLFATKGFNCYFPLQS
83,P5A-1B9, 7CZX,1,SISSYYYYSGSNTSNYIQPPWYYYST,KVGGNYNLLFVKGFNCYFLQSQ
84,P5A-2F11, 7CZY,1,TTSYDMGWNNYVVVPAALYSNYY,RYYLFRKYQAGSTKGFNCYQ
85,P5A-3C12, 7D0B,1,SLYWDDRFLTYYSNNY,FVKGFNCYFQ
86,P5A-3A1, 7D0C,1,EGFTSSNYYSGGSYYGDFYSSYTGS,GNDYLFRKSNIYQAGSTPCGFNCYPQGYY
87,SR31, 7D30,0,VGFPVWREWYGVAAESYHTRYADKKDDGQLAYSSQVQLVGFPQGEYRWVAAISSMYYADK,VLFGENYVADYSVLYNSASFSTFKCYGVSPTKLNDLRNIGYNLYLFTITPGVKGFCYFPLQSYGTYGYGPKKSTN
88,GH-12, 7D6I,1,WKQEYWVRSASNYYEDISYS,YNSAFSTFKCYVSPTRQ
89,3C1, 7DD2,0,NYYSSSYPKHDISQDVGNDWGSGTQYNRYP,VLYNSASFSTFKRGDERWNSNNQPTYGVGYQY
90,PR1077, 7DEO,1,GVGFTYYWYDSNRFYPPGLRFRDYHNYYYLRASLQT,RNGGYNLYLFGVKGFCYFLQSYGFQTYY
91,PR961, 7DET,1,ATRFASNWNSNNLDSKVNNYPT,FGEVFNATRFASVYAWNRKVLSFSADSFVIAWNSNNLDSKVGGNYNYLYRQSYGFQPTYGVQPYRVV
92,PR953, 7DEU,1,ETHGINNDNTDGYPYANYNNYW,FKQAGSTPNGFNCY
93,MW01, 7DJZ,0,ETSSFWRIVLIANYAQQRFEPTEIQSNW,YRNVGGYNYLYLFTIPCNGVKGFNYFLQS
94,MW05, 7DK0,0,EVSSYRIIFSNYPLGGGSGYSWYTWW,YKVGGNYNYLYLTIGVKGFCYFPLQSQ
95,MW07, 7DK2,1,EQSGFTSYWNKQEYRDLGIWDSNSYASTLESGVSFYSTR,RDERQTGNDYYYLFKNYAGSKGFNCYFQSGQYGY
96,2H2, 7DK5,0,QVSGFLTSYGWRGGNDKNGGAHDFDSYGNHYLSNLESGVPANNEDPF,RDERQGNIYKVGGNYLYLFRKSIYQAGVKGFNCYFPLQSGFQYY
97,MW06, 7DPM,0,YYDSSGYYFRESNYYASSSNS,LYASFSTFKCPGVRWNNNPYGVGQY
98,8D2, 7DZX,0,EKYDIDY,HKKQGNNLV
99,COV2-2490, 7DZY,0,SGEESN,KGKQGNNLVQ
100,CA521,7E23,1,CAVYGFSYCARMVRGVIFYWDR,RYLYLFAVKGFNCYFLQSYG
101,ab4,7E39,1,YHYHYYSYGMHIWFETVSGM,FQAGSTPCNVKGFNCY
102,ab5, 7E3B,1,SYYYYYSGSTNYRSDGYSSGWTDYYDNIF,TRFASYAWNKLDKVGGNYNYLRITGVKFLR
103,10D12, 7E3C,1,QGISNYQNSYPGLTSSNYYSGSFRDLDYYD,RDERQTGNDYYLFRKSNYQAGSTFNYFQSYGQTYGY
104,13G9, 7E3K,1,GAWVGSRPTSCRDGFRDGFRYYRW,LFYQAGSTVKGFNYQ
105,Ab_58G6, 7E3L,1,SSAWVGSNPSTTCHDGFRSYYNW,LFYQAGSTKGFNYQ
106,nCov-617, 7E3O,1,SNTFSQRPSWDLQVSGFTYLKRLGLRFLEWY,RYKVGGNYNLITEIGVKGFCYFLQSYG
107,NT-193, 7E5O,1,ENSTNWLDYYYQGIGNYAASGGGSGFTGFLPW,RDERQTGNIDYYYLFKGFNCYFQSYGYGVGY
108,2B11, 7E5Y,1,SNVNDYRWASEITSSNYYSGGTYRLMEVM,RDRQTGNDYLFRKSNYQAGSTFNYQGY
109,N12-11, 7E7X,1,GYTLIEISIFPEAGETGPATAATWDLYP,YYHKNER
110,BD-623, 7E7Y,1,SYYSGSYLINHYDGGYLYGSSW,YFYAGSTPVKGFNCYF
111,BD-508,7E86,1,VGFISSNYYSGGSFRDAQNYDVDIQSSYYSTP,RDQTGNDYYYLFRKSNYQAGSTKFNCYFQSGQTYGY
112,BD-515,7E88,1,SEFISRNYYSGGSFRRGLDINYTDN,RDRTGNDYLFRKSNYQAGSTFNYYGY
113,N12-9, 7E8C,1,VGIISSNYYSGSTRLGPYDVQGISSDGTQLNSD,REQGNDYYYRLFRKSNLEIYQAGSTPCNVKGFNCYFPLQSGQTYGY
114,P2C-1F11, 7E8M,1,VGITSSNYYSGGSYRDLVVYDVISVSYQYGS,RDRQTGNDYYLFRKSNYQAGSTKFNYFLQSYGTYGY
115,7D6, 7EAM,0,ESGFNKDTYDGDERYDYVDYNHYYTLDWST,ASYAWNRKRNYLKPFERDISTEFLELHAP
116,6D6, 7EAN,1,EVGFNIDTSAHYYGSSPYNGTHYSYRYSGVGYNS,AYAWNRKRNYPDRSNLKPFERDISTEELLHAP
117,RBD-chAb-45, 7EH5,1,TYGNNNDTDGYYANYNYW,YQAGSTPCNGFNCY
118,RBD-chAb-25, 7EJ4,1,STESYNGNYESVSSSYGSYHRSY,RDRYYLFYQSYGPTYGVY
119,BD-744, 7EY0,1,RSRWNSGTIGYKIIIRDNQNSRDWD,EVATRFASYANRKSKYNYLRISTNGVKFL
120,BD-667, 7EY4,1,RFYNNWWRSDYSGFAYDASSGNYRTD,PETRFAYAWNRKRKNYNYLRISTENGVFLQS
121,BD-771, 7EY5,1,KADAVSRYFWTYYYYYKS,TGNDYYLFNYSTPKGFNYFLQS
122,BD-821, 7EY5(2),1,PNWIYDDRGSPWRNYDWW,RNNLDSKVGGQPT
123,BD-804, 7EYA,1,RSYYAFTSFSGSGSGTSYYRAYRLGLSLDD,TRSYNLDSKVGGNYNYLITNGVKFLSP
124,BD-812, 7EZV,1,LISWIYDDDKYYGRYYNSAL,TRNNLDSKVGGNYNQPTYGQR
125,BD-836, 7EZV(2),1,STSWAGSGSPGTCYDGFRSGYYTW,NYYLFRKYAGSTPCVKGFNCYFQY
126,PD36-5D2, 7FAE,1,TWGNKRLQFDYSSWYDYNGYW,TRFASYSNNLDSKVGGNYNYLYKFLQSGFQPYR
127,K-874A, 7FG2,0,VQERFTISTYGSKYVGGDGDSW,RFASYANKGGNYNYLINGVKFSGFQY
128,COVA2-04, 7JMO,1,QVGFTSSNYYSGGSFRDLERADVISVSSSYTSGQGS,RDEQTGNDYYLFRKSNYQAGSTFNYQSYGTYGY
129,COVA2-39, 7JMP,1,TSSYYTGGTYNSTAMVESGSYLYSSW,NYGYYLFATVKGFNCYFPLQSYGQ
130,COVA1-16, 7JMW,1,GYTYSYRPRNYYDRSGQHYNLET,YNFFKCYGVSPTRQPGQTGPDDF
131,S2H13, 7JV2,1,VGFTYLSGYNYGYDNKHSWARSG,VGGYPCNGVKGFCYFSQ
132,S2A4, 7JVA,1,WKQEYWWLRSASNYEDQISYSH,YNSAFSTFKCYVSPTNVRQ
133,Nb20, 7JVB,1,GAHRFFAASMNYLNRDIEAEY,YRGYNLYLFIGVKGCYFPLQSYG
134,S304, 7JW0,1,QSYVSPDGDTYY,YNFKCYGVSPTKQ
135,S2H14, 7JX3,1,GSASNYYESSNSNKSTDGETYYYDS,RDVGYYLFANYQSYGQPTYGY
136,S2-M11, 7K43,1,YTFTGYWNISGTTFYYYYS,GYLLFKGFCYFLQSGY
137,S2-E12, 7K4N,1,SGSCSSYGL,YLFRKSYQAGSTPKGFNQ
138,C102, 7K8M,1,VGFISSNYYSGGSFRYGDYDYSVSSYGS,RDQTGNDYYLFRKSNYQAGSTFNYFQSGTYGY
139,C002, 7K8S,1,VGFTIYHVSYNYERPSDIVVYSYTR,RKGGNYNLYLFTINGVKGFYFPLQS
140,C110, 7K8V,1,WDPIAVGPYWQSEYNSY,FATRFYLDSKVGGNYNLKFLSR
141,C119, 7K8W,1,YIINSTSTTDTYYYYYGYKYDSYS,RKVGGNYNYLYKFLQSGQPTYGY
142,C121, 7K8X,1,YTFTGYWVSTSPTGVLAGDYYYYLY,KGYNLLFAVKGFNCYFLQSG
143,C135, 7K8Z,1,SAPFDRYWYNSY,TRWNSNNLSKVNP
144,C144, 7K90,1,SGFTSNYYSGGSYKSNVYSRDYYYY,NGNYNLFVKGFNYFPLQSYGQY
145,2B04, 7K9H,1,GFSINWTFFKYYYGYW,YLVKGFCYFPLQS
146,2H04, 7K9J,1,TSWYGSGSKWFYGRIQNYSSSW,CPGEVNATRKWNLDSKVNNPR
147,Fab-298, 7K9Z,1,YYYYSTPSTYSWWSSGTDDR,FAGSTVKGFNCYQ
148,Fab-52, 7K9Z(2),1,TTSYGIMFGTNQDRGDSQSNGNGFL,YANRKRYNYLERDISTEINGVKFLQS
149,C1A-B3, 7KFV,1,VGFTSSNYYSGGATYRGDSGYRYGYDYIQGISSYYSGTISY,RDERQTGNDYYYLFRKSNYQAGSTKFNYFQSYGFTYGVGY
150,C1A-B12, 7KFW,1,VGFTSSNYYSGGTYRDSGYRYDYIQGISSYSGNSY,RDERQTGNDYYYLFRKSNYQAGSTFNYFQSYGTYGVGY
151,C1A-C2, 7KFX,1,VGFTSNNYYSGGTYRDSGYRYDYIQGISSYSGNSY,RDERQTGNDYYLFRKSNYQAGSTFNYFPLQSGTYGY
152,C1A-F10, 7KFY,1,VGFTSNYYSGGTYRDSGYRYDYDIQGISSYSGNSY,RDERQTGNDYYLFRKSNYQAGSTKFNYFLQSGTYGVGY
153,Sb45, 7KGJ,0,VGFPYRDRWAYSAGQRYADKNNKDVGHHYY,YRDENVGGNYNLYLTIGVKGFCFLQSGQYGY
154,Sb16, 7KGK,0,FPAYKTWYERWESYKRIWVGQ,RENIVGGYNLYLFKGCYFLQSYGFQTYGY
155,Nb#6, 7KKK,1,VQSGIFGRNALVATRRIYYADNDPA,RGYYLFIGVKGYFPLQSYGFQYY
156,Fab_15033, 7KLG,1,SHGIYATAYYYGGFSSAYSSDLYSRSYRY,RDERQTGNDYYLFRNYQAGSTKFNYFQSY
157,Nanosota-1C, 7KM5,1,QDNYQGQGLWSYRVADYMGSELDWGQ,YAKVGGNYNLLFITGKGFFLQS
158,Bamlanivimab, 7KMG,1,SNAWRILINKYYEARHYSYSYSTR,YYNLLFTICNGVKGFNCYFLQS
159,LY-CoV488, 7KMH,1,EVGLTSSNYYSGGSYNRYGGIQDISNYDNL,RDERQTGNDYYLFRKSNYQAGSFNYQSYGYGVY
160,LY-CoV481, 7KMI,1,VGFTSNYYPGGSTFRVAGDYIQGISSWSGTQNSF,RDERQTGNDYYLFRKSNYQAGSFNYSGFQTYGVGY
161,S-B8, 7KN3,1,QASGFTSLSHIYGDDKNEYYYNKYWYYSLL,RGYLLFAGSTVKGFNCYFLQSGYGY
162,S-E6, 7KN4,1,QNYTPGAIHISSGSTYFDYRTRSGT,RYYLFYAGSTKGFNCYFPLQSGQYY
163,VHH_U, 7KN5,1,YYSAQSGSYYWDHEE,LYNSASFSTFKCSPTGNGVGQY
164,VHH_E, 7KN5(2),1,VTLDYYWFGVSCYYSVGTYYYHYTCSDDY,YVGGYNLFITKGFCYFLQSYGQY
165,VHH_V, 7KN6,1,QGKGLEWYEQDYEGSLGGWGRDFGSW,LYNSASFSTFKCYGVSPGDVRAQVWNNNVGQY
166,VHH_W, 7KN7,1,YYSQSGSYYWDHED,LYNSASFSTFKSPRNVGYQY
167,Asarnow_5A6, 7KQB,1,TSSYEVISYDSNYRITMVRGEISYYSGSYNLR,YLLTEICNGVKGFNCYFPLQS
168,910-30, 7KS9,1,QDISYDRQYDNVGFTSSNYYSGGSYRYGD,RDERQGQTGNDYLFRKSNYAGSYYGY
169,Fab_15033-7, 7KXJ,1,SSYSDLYSSRHTYSHGIYATAYYYGGF,RDERQTGNDYLFNYAKFNCYQY
170,CR3022-B6, 7KZB,1,WISTPMSIYSAYASALSTDY,DRNYLFYAGSTKGFNCYFQY
171,CR3014-C8, 7KZB(2),0,YRANPFQYYDSDYWDT,LYNSAFSTFKCYGVSPTRDDF
172,2G12, 7L02,0,RL,DSST
173,Fab2-51, 7L2C,1,QGYTLIELSMFPEDVEWAYYGYLYPSG,YYHKNKER
174,Fab1-87, 7L2D,1,QVGYTLIELSMFPEDAETGIAVIGPPSTYYDVYPS,GVYYHKNNKSWMESERW
175,Fab4-18, 7L2E,1,SYGHVISYDSNHDSGYNYGSLAKQYDSGVNTYPW,QCVNFTTKFLGVYYHKNERSSSGWT
176,Fab5-24, 7L2F,1,QCVQYYHKSEFRS,QCVQYYHKSEFRS
177,Fab2-43, 7L56,1,YTFTYWNNSGNTSTVCCYLYYYYS,KYNLLFVKGFCYFLQS
178,H4, 7L58,1,TTNSTNTCCI,TTNSTNTCC
179,Fab2-15, 7L5B,1,GYTFTGYWNISDGTNTSSRWYYTSST,GYNLLTGVKGFNCYFLQSYGY
180,AZD-8895, 7L7D,1,SSAWVGSNPCISCNDGFSYYGSSW,YLFYAGSTPCNVKGFNCYFQ
181,AZD-1061, 7L7E,1,IDSYYYDTVGPLFSSNKYYWT,TRNNLDSKVGGNYNLKFLQSP
182,DH1041, 7LAA,1,SYRQDSKRARRDNSGYYGFHDYGN,KGGNYNLTEICNGVKGFFLQS
183,DH1052, 7LAB,0,TTDYYHLDPEDEISGPSRGSCYHTRSSSYSGDTYSSPW,PPAYTNFSNWFHAIHRKKQGNFKNLVRGLPQGGAATSNQS
184,DH1050-1, 7LCN,1,GYTPEFHPEDGFGVVTDW,QVNFDPFLGVYYHERSSSGWTA
185,DH1047, 7LD1,1,GGNIYAQSWSGYDLLDYSSLP,LYNAFSTFKCYGVSPGDVRQIQTGNAGCVIAWNNYGVGYQY
186,WNb-2, 7LDJ,1,QFTLDYYGVSCKYADIAATYYYYFQCPHDGMDY,YRNGGYNLYLFITKFYFPLQSYGQTY
187,DH1043, 7LJR,1,FSRWRIIFINYYYDGYSSLYSSSR,YYLYLFTYTPCNGVKGFNCYFPLQS
188,CV38-142, 7LM8,1,SYWYESDTRQIRGVYSSGWIQYYSTPRQ,EFNATRFSASWNSNNLDSKVGNNPR
189,CV05-163, 7LOP,1,YWTNVRGALPPYVSYYDSNRSNWP,YGGNYLLFTVKGFCYFPLQSGQY
190,CV503, 7LQ7,1,YYYGSNNLFWRIILGTNYYEL,NLFAGSTPCVKGFNCYFQ
191,Fab4-8, 7LQV,1,QTSSIQTDAIKYYDYQDKS,QCQGYYHKMESEFRSSW
192,Fab2-17, 7LQW,1,PIFGTVNWP,QVFTTRTHKVSSGWTA
193,A23-58-1, 7LRS,1,TSSAWVGSGNPVVCYDGFSYSYW,LFYAGSTPGFNCYQ
194,Fab1-57, 7LS9,1,HWAYINVFGYSSYYSTS,RKVGGNYNLTKFLQSQ
195,Fab2-7, 7LSS,1,DVGANYDYTTTSGWLYWDDRHIE,KLPDRSNLKPFE
196,WNb-2, 7LX5,1,TLDYYGVSCKYADTAATYYYYQCPHDGDY,YRNGGYNLYLFTKFYFPLQSGQTY
197,WNb-10, 7LX5(2),1,QGKGLEWYAYRMWPERDFW,LYNAFSTFKCPTVRWNNNVGQY
198,S2-X333, 7LXW,1,ERKSDNSDWYSNFSSSWS,QVNFTTFLGVYYERSSSGWT
199,S2-L28, 7LXX,1,SDSSSSNYAYKWL,QVNVYYESSGW
200,S2-M28, 7LY0,1,YLAKHYADSSGTVADSIGWSSYGHVIWYSNYAAGEW,QCVNFTTFLGVYYHKNSERSSGW
201,CV2-75, 7M3I,1,YYYYSSRPDGNLGSKTDDNSWSD,YNFSTFKCYGVSPTKNVGYQY
202,REGN10989, 7M42,1,YYFTTSYIFTGYWNNSGTSTYDWNN,GYLLFKGFCYFLQS
203,REGN10985, 7M42(2),1,AGYDYDSSLSGDWNRGSEWDSVVPSAR,YAFSTFKCVSPGDVRQGVGYY
204,B6, 7M53,1,YWVLNGSLYSQQGRHYLSSY,QELDFKEELDYFKNHT
205,BG4-25, 7M6D,1,VGITVRNYYSGGTYRLEVVDVISVPYQGS,RDQTGNDYYLFRKSNYQAGSTFNYFQYGY
206,BG10-19, 7M6E,1,SYWYDDTRQQWGYNYGSHFYWLS,FGFNATRVLSASFWNSNNLDSKVGNNPR
207,BG1-22, 7M6F,1,GFTSYPGGSLDSIRL,RRQTDYYYRKSNLYQAGSTNQSYGY
208,BG7-15, 7M6G,1,TSYAWWYPYSSVTTFSGSYGSSP,RNNLSKVGGNYNYLYFPLQSQPTY
209,BG7-20, 7M6H,1,GTFTSDWWNPISNTGRTSTRCSSTTCYYSGW,GYNLLFIAGVKGFNYFLQS
210,BG1-24, 7M6I,1,TFSSWRIMFINYYYDYYGYYAGSP,YYLLFITICNGVKGFCYFPLQS
211,Asarnow_3D11, 7M7B,1,YHWWLRNASNYYEDISYDN,YNAFSTFKCYVSPTNRQ
212,S2H97, 7M7W,1,GYYDNRPSGYSTSYWYDDRWSHYTYY,WRTNYPDDFKPFRSFELLHAP
213,S2X259, 7M7W(2),1,NAGYDYDSSLSGPWIFYRIMSMKNYYGWGDD,YNSASFSTFKCYGVSPTGDVRNGVGYQY
214,CM25, 7M8J,1,VGYTLTELSMFPGTGPAVRWDPLYPS,YYHKNE
215,Nb21, 7MDW,1,GAHRFFAANNNLNRIE,GGYNYLIGVKGFNCYFLQSYG
216,Nb105, 7MDW(2),1,TLRRSWGYSRDFE,YAFSTFKCYGVSPGDEVRQY
217,Nb17, 7ME7,1,IFSSNAMSSITSGGNDHAVGQESPRA,FASYAWNRKKNYNYLRITEGVKFLQS
218,Nb36, 7MEJ,0,RFYSIYEKWGYQ,RASYAWNRKRYFERDIST
219,Zhou_47D1, 7MF1,1,GGTFSTYIFEFSRRYGSWYFYD,RYKGNYNLISTEINGVKFLQS
220,Sb#14, 7MFU,1,EEYQKEREWAIKTGTYTAYAYSKYYYGSSIGQ,RDERTGNDYVYLYLFNYAKFNCYFPLQSYGFQTYGVGY
221,Sb#68, 7MFU(2),1,SSITYITVNHYDAWGYAWPHDDY,LYNSASFSTFKCVSPTRQNVGY
222,ab1, 7MJJ,1,VGFTSSNYYSGGSYRGYDYDYSVSSYWQGSS,RDERQTGNDYLFRKSNYAGSFNYQY
223,SARS2-38, 7MKL,1,IYRTSFYDWNTYL,RNNLDSKVYNQPT
224,B1-182-1, 7MLZ,1,TSSAWVGSGNRPGGSCFDGFSSYYGW,NYLFRKYQAGSTPCKGFNCYQ
225,LY-CoV1404, 7MMO,1,SISGWLYWDDRHISDVGDYNYEYTTSA,TRNNLDSKVGGNYNQPTYGVQR
226,Xu_Nb30, 7MY2,0,YAFSTFKCYSPTGDEVRNVGYY,FDYSVLYNSASFSTFKCYGVSPTKLNDLFFIRGDEVRQIAPQTGNIADLDFTGCVIAWNVGYQYRVF
227,Xu_Nb12, 7MY3,0,QVKLETPGHNEFPYFGNSL,SYNSAFSTFKYPGDVRIVWNNGVGQY
228,PDI-37, 7MZF,1,VEFISRNYYSGGTYRRGDDIQSISWEQYNSY,RDERQTGNDYYLFRKSNYQAGSTFNYSGTYGY
229,PDI-42, 7MZG,1,VGLTSSNYYPGGSYRDAVYYDVDIQSSYQYSTPGF,RDERQGTGNDYLFRKSNYQAGSTKFNYFQGQYGY
230,WCSL-119, 7MZH,0,TGYYHNPNSSYYNAHYYYLLPAGDAAWP,YYLFYATGVKGFNCYFQS
231,WCSL-129, 7MZI,0,YIGSNPYANDQRPSGVDKSAWDDSLPGPATWASGSYVWGAF,RDERQTGNDYYLFRKSYQAGSTPKGFNYFLQY
232,PDI-93, 7MZJ,1,RSYASSYTTPYWKRKSDSTCEHD,TRFASYANNLDSKVGGNYNYLITIGKFLQSPR
233,PDI-96, 7MZK,1,YINSGGGTSTIFWYSSNYT,FRASWNSNNLDSKVGGQPT
234,PDI-210, 7MZL,1,GETSGYYWESLRTNASKNVDNVYRSNWL,RNYYYLFRKSYAGSTKGFNCYFPLQSYGQYY
235,PDI-215, 7MZM,1,RYYIGSSFTNYDQGTIYRDKFRDWYDSPAYY,VATRFASYAWNRKRSKGGNYNYLRITIKFLS
236,PDI-231, 7MZN,1,EVGLTSSNYYSGGSFRYCSNCVSQDIRYYDN,RDQTGNDYYLFRKSNYQAGSTKGFNCYFQSGQYGY
237,Sb#45, 7N0G,1,GFPYRDRWAYSAGQRYADKKDVGHHYY,SYRDERQTGNGGNYNYLYRLFISTEIYTPCNGVKGFNCYFPLQSYGFY
238,E2, 7N0I,0,HAIQGGTSYKGRWTYFS,IKVCTFEYVYLPIGI
239,C2, 7N0R,0,YAMMVLWAINGGSTSYADKKYQAAVHQ,PAYTNSFRFFSNVTWFGLPQYALDPLNQVAVYVNIGASI
240,S24-202, 7N3C,0,WVRWWFGEYSSYDRRN,TSTRYATFKLREKHTPINLVRGLPQGFSALY
241,S24-1564, 7N3D,0,SYYNKHRIEVAGTLDRSYYASYST,YTNSFTRGVYLSNVTWVYFASTKNLREFVYSKHTPINLRGLPQGFSALEYYVGYLT
242,C098, 7N3I,0,VGFTSSNYYSGGSYRNRDLYSSDIIQSVSSSYSGQGSS,RDERQTGNDYYYLFRKSNYQAGSTKFNCYFPLQSYGQTYGVGY
243,WRAIR-2057, 7N4I,1,SGYSISYWYGDDSLYYSDSSPSISTYYASSGH,WRRYRRKSKPFERDISTEIYQPCNGELH
244,WRAIR-2173, 7N4J,1,YKNTYRPFDVVVVPAARPYWGAGYDYGNNNKYSS,RKVGGYNLYLFIGVKGFCYFLQSYGFQTYGY
245,WRAIR-2125, 7N4L,1,VISNYYPDQDYSYITR,NYLFYAGTVKGFNYQ
246,Fab2-36, 7N5H,1,QVGGSSNYRVYYYDRDLYAT,YFFKCYGVSPDRQPGQTGDPDDFN
247,C12C9, 7N62,1,TSSFFDSQDDYYYYYSSYS,QYYSEFRSSS
248,G32R7, 7N64,0,RSSWNSGIGYKGTISRDNAQNRGRSWYQY,NRKR
249,S2-L20, 7N8H,0,FDASNFTFNSYYDNSDSRYSGSY,PPYTPVLPNDTTKTRYQ
250,Nb95, 7N9C,1,SERDYDKVYYGYTSFPNE,YFSTFKCYGVSPKGDVRQIAAGVGY
251,Nb34, 7N9E,1,QGKGREWYASSRSEFD,VYNSAFSTFKCWNNV
252,CV3-25, 7NAB,1,TRYWYGDDKRLPQYCGCRWY,KELDYFKNHTS
253,COVOX-40, 7ND6,0,VGVTSNYYPGGSFRLGSDVIQGISSYSGQLNSY,RDRQQTGNDYLFRKSNYAGNYYY
254,COVOX-253H165L, 7NDB,0,TWVGSNPTSCYDASYYW,NLFKGSTFNYQ
255,COVOX-159, 7NDC,0,TSYYDGNRYY,QYEFRSS
256,NM1226, 7NKT,1,YYSLQGSYYYTVNEYD,LYNSASFSTFKCSPGDRWNVGYQY
257,ION-360, 7NP1,1,VGITSSNYSGGSYREIVGVDYYSYSTL,RRQTGNDYYLFRKSNYQAGSTFNYQGY
258,P008_056, 7NTC,1,EVGFSYYIYSNRPYDSSNDYDISNYYDSNLETGVSGSHDS,AIHEKSNRNATVYYHKNNKSWMELMDLEGKQGNFKVTAGA
259,COVOX-222, 7NX6,1,VASGLTSSNYYSGGSFNRESPGNDVQSVPSSYHYDT,RDERQTGNDYYLFRKSNYQAGSTFNYQSGTYGVGY
260,Huo_C5, 7OAN,1,VGVTLGRHIRTFDGSNNAMVTAYF,RYLYLFEGFNYFLQSYGQNY
261,Huo_C1, 7OAP,1,FWLSSDTPTRFAGRDTWSSYD,YFSTFKCYGVSPTKGDEVRQVGYQY
262,Huo_H3, 7OAP(2),1,RWTSSTFYKTIVRAYYTE,YLLFTEINGVKGFYFPLQS
263,Huo_F2, 7OAY,0,SWPYDRGESYYRTEYE,LYNASFSTFKCYGVSPTRIAPGQD
264,Re9F06, 7OLZ,0,NWNGTYSDYGLPREFLYD,YNFSTFKCPGDVRWNVGYQY
265,Re5D06, 7OLZ(2),1,QTLDYYFGVSRRNYAYPLTKYWYWPYEYDY,YRNVGGYNYLYLFITIGKGFYFLQSYGQY
266,COVOX-278, 7OR9,1,IRWNYNILTGYLDASYLASSYSTL,TRSYNLDSKVGGNYNYLTKFLQP
267,P5C3, 7P40,1,YYGSSWSQWGSRGSCYDF,RYLFRKYQAGSTPCNVKGFNCYFLQS
268,Sb#15, 7P77,1,EMEYEREWAIQYYADKFYGRSI,RFASVAWNSFVRDERQTGNIDYYYLFKSNQSQPTYGVGY
269,Beta-6, 7PRY,0,SSHYSYSSAYEPRWQRN,KVGGYKSGQPTYGY
270,Beta-22, 7PRZ,0,EVGFTSNYYDSHKSSAIYYDVKTS,RDRTGNDYYLFRYAFNYFQSYGYGVGY
271,Beta-24, 7PS0,0,SDYYYYSTYVPSPKIVYYSY,RKVGYLKYQSGQPTYGY
272,Beta-27, 7PS1,1,VGLTRSNYYSGGSTFRDLVVYDVIQSVSSSSSGQYGS,RDERQTGNDYYLFRKSNYQAGSTGFNCYFQSTYGY
273,Beta-29, 7PS2,0,KWSEVGFTSNYYESNRYKPTMVAID,RRTGNDYYLFYAFNYFQSYGFTYGVGY
274,Beta-53, 7PS2(2),1,NSPSYWDSDSYVALTHLQSVSSTNNWS,GEFNATRSWNNLDSKVGNNYPR
275,Beta-38, 7PS4,0,NWIYDTRVGAGGYYYSGGNSGTWDN,YKGGNYNYLTITPCNGVKGFCFLQS
276,Beta-47, 7PS5,1,ITSAWAGSNDSPRTSCHDGFSRYYGF,TNDYYLFRKSYAGSTPCVKGFNCYQY
277,Beta-44, 7PS6,1,TSYWWSYNNGELLYLYSSTW,ASTPCVKGFNCY
278,Beta-54, 7PS6(2),1,SNHYSMYSSTAGPKRPSDY,RNNLSKVGQPTYGY
279,Beta-40, 7PS7,1,DNRASSYYSYSSAYAPSPN,KVGYQPTYGY
280,FI-3A, 7Q0G,0,VGFTSSNYYSGGSYRVRPGMDISYD,RDQTGNDYLFRKSNYQAGSTGFNYFPLQTYGY
281,Beta-49, 7Q0G(2),1,SSYYGSSSGTGTSSSVILFSQWALI,FPNITNLCPFGEVNATRVADYVLLPKQ
282,Beta-50, 7Q9F,1,YYSSTSTYVIFFTDQWDLL,FPNITNLCPFGEFNATVDYSVLSLLPKKSQ
283,Beta-43, 7Q9I,0,WYDSNNFYSGGFFYYYGTKSYNSDGSNSWSD,QVFTFGVYYHKNSEFRSSSGWT
284,Beta-26, 7Q9J,1,WDNYYYTSGGSCFD,YLFYAKGFNCYFLQ
285,Beta-32, 7Q9K,1,TGYYNNSGAHDYSDN,STFRDEVRQTGNAVGY
286,S2X35, 7R6W,1,GYDYSSLSGSYKNTNYQVLGYDFWYY,LYNASFSTFKCYGVSPGDEVRQIAQWYGVGYY
287,S2D106, 7R7N,1,GPSSWIMVNRCGSCYVSYSYTR,YGGYLLFTINGVKGFNCYFPLQS
288,C032, 7R8M,0,SSYWYDDRVAVDWYYSSSL,EFNATRWSNNLDSKVNNYQPTR
289,C051, 7R8N,0,ASGFGRNNYYSGGTTYNSNVYSRDYYFSN,NKGGNYNLLFGVKGFNCYFPLQSYGQY
290,C548, 7R8O,0,NQYGPYYYGNYKGTGGIVGQGSSF,RVGGYNLYLFIGVKGFCYFPLQSYGY
291,Nb_B6, 7R98,0,AQSGRTISTFWSRYLGGDFAP,RTFKNLKHTPINLVLPQGFSN
292,C022, 7RKU,1,VGSSRYRAAAYYDRSGYQHYKSLES,YFSTFKCYGVSPTRQAPGQTGDDFT
293,C118, 7RKV,1,QVGFTSNYYYTGYYGDYKNGSHSKGD,LYNSAFSTFKCYGVSPTKGDVRQAPGQTPDDFTVGYY
294,S2P6, 7RNJ,1,YYGSSPPFSQYIPHTSSPKG,DPLQPELDSFKEELDYFKT
295,PDI-222, 7RR0,1,SSSAWVGSNPCRTLCYDGFRSYYW,NDYYLFKNYQAGSTPCVKGFNCYQ
296,Fab5-7, 7RW2,1,YVINSGGSTSTRDSSGYWDSLKYYYYYLNTY,NRGWIVNNATNVVINSWMYVSQPFLMDLERFISHEPLVDL
297,8D3, 7RXD,0,GFPYRDRAYEREWAYSAGRYADKDVGHYY,YRDENIGGNYNLYLFTEIGVKGYFLQSQY
298,N-612-056, 7S0B,1,SSGSTYDKLWSGFFDSYYDNETDAGTL,ASAWNRKRYRSNLKFERDISTE
299,N-612-017, 7S0C,1,SSWGSGYNRDLAAFTQDSNYDALPW,TRFSYANKVGGYNYLITNGVEFL
300,N-612-014, 7S0D,1,SSYSGSGGTYRNDSRWASGWLYDAYAY,WHAIHKEKSIYHKKWDLEGKQGNFKNINLVRTAGAAA
301,N-612-004, 7S0E,1,SYTYDGAWTWADP,SNKKLPFQFRDIDD
302,Fab22, 7S3M,0,FIINYNGTKQVGNDRSLLNRDFSNYLF,QLDSFKEELDYFKNHTS
303,C1C-A3, 7SN2,1,WYDTNYYRDYVWRISVSTYDSNSRSNWPG,SVYNSASFSTFKCVSPTKWNSNNVQY
304,XG005, 7V26,1,STPGYWDDRTAADVGAYNYYTTV,STPGYWDDRTAAD
305,XG014, 7V2A,1,NWTSLSWYDDTRYQYGYNYGYF,FGFNTRVLSASFWNSNNLDSKVNPTR
306,scFv_E4, 7VMU,1,VSGVTSSNYYPGGSYRDLSEKDVIQGISYSGQNS,RDQTGNDYYLFRKSNYQAGSTFNYFPLQSYGYGVGY
307,N3113, 7VNB,1,YEALEWSYHSRTYNPSWASGSTGDW,VATRFASYAWNKSKGGNYNYLRITEINGVKFLQS
308,N3113.1, 7VNE,1,QWYSRYNPSWASGST,ATRFASYANKDKVGNYNYLYITEINGVKFPLQSYG
309,RBD-chAb-15, 7EH5(2),1,GHWTTWGGSTNGYYV,YASFSTFKRGDRAWNTYGVGYQPY
310,BD-813, 7EY0(2),1,VEFISANYYSGGSFRLPTYDSISYHDTTP,RDERQTGNDYYLFRKSNYQAGSTFNYQYGY
